"train_key","input","encoded_output","base_units","tokens_count","compression_ratio","decoded_output","identical"
"w1-TokenizerUTF8-lorem-ipsum-1000","ą, ć, ę, ł, ń, ó, ś, ź, ż, Ą, Ć, Ę, Ł, Ń, Ó, Ś, Ź, Ż","[196, 133, 44, 32, 196, 135, 44, 32, 196, 153, 44, 32, 197, 130, 44, 32, 197, 132, 44, 32, 195, 179, 44, 32, 197, 155, 44, 32, 197, 186, 44, 32, 197, 188, 44, 32, 196, 132, 44, 32, 196, 134, 44, 32, 196, 152, 44, 32, 197, 129, 44, 32, 197, 131, 44, 32, 195, 147, 44, 32, 197, 154, 44, 32, 197, 185, 44, 32, 197, 187]","70","70","1.0","ą, ć, ę, ł, ń, ó, ś, ź, ż, Ą, Ć, Ę, Ł, Ń, Ó, Ś, Ź, Ż","1"
"w1-TokenizerUTF8-lorem-ipsum-1000","月球条目讨论汉漢不转换阅读编辑查看历史外观 隐藏文本小标准大宽度标准宽颜色 （测试版）自动浅色深色维基百科，自由的百科全书提示：此条目的主题不是月或明月。关于与「月球」標題相近或相同的条目","[230, 156, 136, 231, 144, 131, 230, 157, 161, 231, 155, 174, 232, 174, 168, 232, 174, 186, 230, 177, 137, 230, 188, 162, 228, 184, 141, 232, 189, 172, 230, 141, 162, 233, 152, 133, 232, 175, 187, 231, 188, 150, 232, 190, 145, 230, 159, 165, 231, 156, 139, 229, 142, 134, 229, 143, 178, 229, 164, 150, 232, 167, 130, 32, 233, 154, 144, 232, 151, 143, 230, 150, 135, 230, 156, 172, 229, 176, 143, 230, 160, 135, 229, 135, 134, 229, 164, 167, 229, 174, 189, 229, 186, 166, 230, 160, 135, 229, 135, 134, 229, 174, 189, 233, 162, 156, 232, 137, 178, 32, 239, 188, 136, 230, 181, 139, 232, 175, 149, 231, 137, 136, 239, 188, 137, 232, 135, 170, 229, 138, 168, 230, 181, 133, 232, 137, 178, 230, 183, 177, 232, 137, 178, 231, 187, 180, 229, 159, 186, 231, 153, 190, 231, 167, 145, 239, 188, 140, 232, 135, 170, 231, 148, 177, 231, 154, 132, 231, 153, 190, 231, 167, 145, 229, 133, 168, 228, 185, 166, 230, 143, 144, 231, 164, 186, 239, 188, 154, 230, 173, 164, 230, 157, 161, 231, 155, 174, 231, 154, 132, 228, 184, 187, 233, 162, 152, 228, 184, 141, 230, 152, 175, 230, 156, 136, 230, 136, 150, 230, 152, 142, 230, 156, 136, 227, 128, 130, 229, 133, 179, 228, 186, 142, 228, 184, 142, 227, 128, 140, 230, 156, 136, 231, 144, 131, 227, 128, 141, 230, 168, 153, 233, 161, 140, 231, 155, 184, 232, 191, 145, 230, 136, 150, 231, 155, 184, 229, 144, 140, 231, 154, 132, 230, 157, 161, 231, 155, 174]","278","278","1.0","月球条目讨论汉漢不转换阅读编辑查看历史外观 隐藏文本小标准大宽度标准宽颜色 （测试版）自动浅色深色维基百科，自由的百科全书提示：此条目的主题不是月或明月。关于与「月球」標題相近或相同的条目","1"
"w1-TokenizerUTF8-lorem-ipsum-1000","Stół z powyłamywanymi nogami","[83, 116, 195, 179, 197, 130, 32, 122, 278, 111, 119, 121, 197, 130, 279, 121, 119, 753, 121, 109, 105, 266, 111, 103, 279, 105]","31","26","1.192","Stół z powyłamywanymi nogami","1"
"w1-TokenizerUTF8-lorem-ipsum-1000","The quick brown fox jumps over the lazy dog","[84, 104, 101, 310, 296, 107, 385, 114, 111, 119, 110, 283, 111, 120, 445, 269, 405, 32, 111, 118, 270, 280, 104, 101, 272, 97, 122, 121, 286, 111, 103]","43","31","1.387","The quick brown fox jumps over the lazy dog","1"
"w1-TokenizerUTF8-lorem-ipsum-1000","Lorem ipsum dolor sit amet, consectetur adipiscing elit. Etiam bibendum, lacus nec consequat iaculis, augue urna posuere leo, id pretium orci ante ac nulla.","[932, 407, 419, 335, 775, 508, 938, 774, 718, 623, 44, 736, 343, 620, 686, 44, 441, 438, 493, 865, 351, 722, 416, 410, 311, 808]","156","26","6.0","Lorem ipsum dolor sit amet, consectetur adipiscing elit. Etiam bibendum, lacus nec consequat iaculis, augue urna posuere leo, id pretium orci ante ac nulla.","1"
"w1-TokenizerUTF8-lorem-ipsum-5000","ą, ć, ę, ł, ń, ó, ś, ź, ż, Ą, Ć, Ę, Ł, Ń, Ó, Ś, Ź, Ż","[196, 133, 44, 32, 196, 135, 44, 32, 196, 153, 44, 32, 197, 130, 44, 32, 197, 132, 44, 32, 195, 179, 44, 32, 197, 155, 44, 32, 197, 186, 44, 32, 197, 188, 44, 32, 196, 132, 44, 32, 196, 134, 44, 32, 196, 152, 44, 32, 197, 129, 44, 32, 197, 131, 44, 32, 195, 147, 44, 32, 197, 154, 44, 32, 197, 185, 44, 32, 197, 187]","70","70","1.0","ą, ć, ę, ł, ń, ó, ś, ź, ż, Ą, Ć, Ę, Ł, Ń, Ó, Ś, Ź, Ż","1"
"w1-TokenizerUTF8-lorem-ipsum-5000","月球条目讨论汉漢不转换阅读编辑查看历史外观 隐藏文本小标准大宽度标准宽颜色 （测试版）自动浅色深色维基百科，自由的百科全书提示：此条目的主题不是月或明月。关于与「月球」標題相近或相同的条目","[230, 156, 136, 231, 144, 131, 230, 157, 161, 231, 155, 174, 232, 174, 168, 232, 174, 186, 230, 177, 137, 230, 188, 162, 228, 184, 141, 232, 189, 172, 230, 141, 162, 233, 152, 133, 232, 175, 187, 231, 188, 150, 232, 190, 145, 230, 159, 165, 231, 156, 139, 229, 142, 134, 229, 143, 178, 229, 164, 150, 232, 167, 130, 32, 233, 154, 144, 232, 151, 143, 230, 150, 135, 230, 156, 172, 229, 176, 143, 230, 160, 135, 229, 135, 134, 229, 164, 167, 229, 174, 189, 229, 186, 166, 230, 160, 135, 229, 135, 134, 229, 174, 189, 233, 162, 156, 232, 137, 178, 32, 239, 188, 136, 230, 181, 139, 232, 175, 149, 231, 137, 136, 239, 188, 137, 232, 135, 170, 229, 138, 168, 230, 181, 133, 232, 137, 178, 230, 183, 177, 232, 137, 178, 231, 187, 180, 229, 159, 186, 231, 153, 190, 231, 167, 145, 239, 188, 140, 232, 135, 170, 231, 148, 177, 231, 154, 132, 231, 153, 190, 231, 167, 145, 229, 133, 168, 228, 185, 166, 230, 143, 144, 231, 164, 186, 239, 188, 154, 230, 173, 164, 230, 157, 161, 231, 155, 174, 231, 154, 132, 228, 184, 187, 233, 162, 152, 228, 184, 141, 230, 152, 175, 230, 156, 136, 230, 136, 150, 230, 152, 142, 230, 156, 136, 227, 128, 130, 229, 133, 179, 228, 186, 142, 228, 184, 142, 227, 128, 140, 230, 156, 136, 231, 144, 131, 227, 128, 141, 230, 168, 153, 233, 161, 140, 231, 155, 184, 232, 191, 145, 230, 136, 150, 231, 155, 184, 229, 144, 140, 231, 154, 132, 230, 157, 161, 231, 155, 174]","278","278","1.0","月球条目讨论汉漢不转换阅读编辑查看历史外观 隐藏文本小标准大宽度标准宽颜色 （测试版）自动浅色深色维基百科，自由的百科全书提示：此条目的主题不是月或明月。关于与「月球」標題相近或相同的条目","1"
"w1-TokenizerUTF8-lorem-ipsum-5000","Stół z powyłamywanymi nogami","[83, 116, 195, 179, 197, 130, 32, 122, 278, 111, 119, 121, 197, 130, 279, 121, 119, 753, 121, 109, 105, 266, 111, 103, 279, 105]","31","26","1.192","Stół z powyłamywanymi nogami","1"
"w1-TokenizerUTF8-lorem-ipsum-5000","The quick brown fox jumps over the lazy dog","[84, 104, 101, 310, 296, 107, 385, 114, 111, 119, 110, 283, 111, 120, 445, 269, 405, 32, 111, 118, 270, 280, 104, 101, 272, 97, 122, 121, 286, 111, 103]","43","31","1.387","The quick brown fox jumps over the lazy dog","1"
"w1-TokenizerUTF8-lorem-ipsum-5000","Lorem ipsum dolor sit amet, consectetur adipiscing elit. Etiam bibendum, lacus nec consequat iaculis, augue urna posuere leo, id pretium orci ante ac nulla.","[932, 407, 419, 335, 775, 508, 938, 774, 718, 1077, 736, 343, 620, 1141, 441, 438, 493, 865, 351, 722, 416, 410, 311, 808]","156","24","6.5","Lorem ipsum dolor sit amet, consectetur adipiscing elit. Etiam bibendum, lacus nec consequat iaculis, augue urna posuere leo, id pretium orci ante ac nulla.","1"
"w1-TokenizerUTF8-lorem-ipsum-10000","ą, ć, ę, ł, ń, ó, ś, ź, ż, Ą, Ć, Ę, Ł, Ń, Ó, Ś, Ź, Ż","[196, 133, 44, 32, 196, 135, 44, 32, 196, 153, 44, 32, 197, 130, 44, 32, 197, 132, 44, 32, 195, 179, 44, 32, 197, 155, 44, 32, 197, 186, 44, 32, 197, 188, 44, 32, 196, 132, 44, 32, 196, 134, 44, 32, 196, 152, 44, 32, 197, 129, 44, 32, 197, 131, 44, 32, 195, 147, 44, 32, 197, 154, 44, 32, 197, 185, 44, 32, 197, 187]","70","70","1.0","ą, ć, ę, ł, ń, ó, ś, ź, ż, Ą, Ć, Ę, Ł, Ń, Ó, Ś, Ź, Ż","1"
"w1-TokenizerUTF8-lorem-ipsum-10000","月球条目讨论汉漢不转换阅读编辑查看历史外观 隐藏文本小标准大宽度标准宽颜色 （测试版）自动浅色深色维基百科，自由的百科全书提示：此条目的主题不是月或明月。关于与「月球」標題相近或相同的条目","[230, 156, 136, 231, 144, 131, 230, 157, 161, 231, 155, 174, 232, 174, 168, 232, 174, 186, 230, 177, 137, 230, 188, 162, 228, 184, 141, 232, 189, 172, 230, 141, 162, 233, 152, 133, 232, 175, 187, 231, 188, 150, 232, 190, 145, 230, 159, 165, 231, 156, 139, 229, 142, 134, 229, 143, 178, 229, 164, 150, 232, 167, 130, 32, 233, 154, 144, 232, 151, 143, 230, 150, 135, 230, 156, 172, 229, 176, 143, 230, 160, 135, 229, 135, 134, 229, 164, 167, 229, 174, 189, 229, 186, 166, 230, 160, 135, 229, 135, 134, 229, 174, 189, 233, 162, 156, 232, 137, 178, 32, 239, 188, 136, 230, 181, 139, 232, 175, 149, 231, 137, 136, 239, 188, 137, 232, 135, 170, 229, 138, 168, 230, 181, 133, 232, 137, 178, 230, 183, 177, 232, 137, 178, 231, 187, 180, 229, 159, 186, 231, 153, 190, 231, 167, 145, 239, 188, 140, 232, 135, 170, 231, 148, 177, 231, 154, 132, 231, 153, 190, 231, 167, 145, 229, 133, 168, 228, 185, 166, 230, 143, 144, 231, 164, 186, 239, 188, 154, 230, 173, 164, 230, 157, 161, 231, 155, 174, 231, 154, 132, 228, 184, 187, 233, 162, 152, 228, 184, 141, 230, 152, 175, 230, 156, 136, 230, 136, 150, 230, 152, 142, 230, 156, 136, 227, 128, 130, 229, 133, 179, 228, 186, 142, 228, 184, 142, 227, 128, 140, 230, 156, 136, 231, 144, 131, 227, 128, 141, 230, 168, 153, 233, 161, 140, 231, 155, 184, 232, 191, 145, 230, 136, 150, 231, 155, 184, 229, 144, 140, 231, 154, 132, 230, 157, 161, 231, 155, 174]","278","278","1.0","月球条目讨论汉漢不转换阅读编辑查看历史外观 隐藏文本小标准大宽度标准宽颜色 （测试版）自动浅色深色维基百科，自由的百科全书提示：此条目的主题不是月或明月。关于与「月球」標題相近或相同的条目","1"
"w1-TokenizerUTF8-lorem-ipsum-10000","Stół z powyłamywanymi nogami","[83, 116, 195, 179, 197, 130, 32, 122, 278, 111, 119, 121, 197, 130, 279, 121, 119, 753, 121, 109, 105, 266, 111, 103, 279, 105]","31","26","1.192","Stół z powyłamywanymi nogami","1"
"w1-TokenizerUTF8-lorem-ipsum-10000","The quick brown fox jumps over the lazy dog","[84, 104, 101, 310, 296, 107, 385, 114, 111, 119, 110, 283, 111, 120, 445, 269, 405, 32, 111, 118, 270, 280, 104, 101, 272, 97, 122, 121, 286, 111, 103]","43","31","1.387","The quick brown fox jumps over the lazy dog","1"
"w1-TokenizerUTF8-lorem-ipsum-10000","Lorem ipsum dolor sit amet, consectetur adipiscing elit. Etiam bibendum, lacus nec consequat iaculis, augue urna posuere leo, id pretium orci ante ac nulla.","[932, 407, 419, 335, 775, 508, 938, 774, 718, 1077, 736, 343, 620, 1141, 441, 438, 493, 865, 351, 722, 416, 410, 311, 808]","156","24","6.5","Lorem ipsum dolor sit amet, consectetur adipiscing elit. Etiam bibendum, lacus nec consequat iaculis, augue urna posuere leo, id pretium orci ante ac nulla.","1"
"w1-TokenizerUTF8-wikipedia-zh-1000","ą, ć, ę, ł, ń, ó, ś, ź, ż, Ą, Ć, Ę, Ł, Ń, Ó, Ś, Ź, Ż","[196, 133, 44, 32, 196, 135, 44, 32, 196, 153, 44, 32, 197, 130, 44, 32, 197, 132, 44, 32, 195, 179, 44, 32, 197, 155, 44, 32, 197, 186, 44, 32, 197, 188, 44, 32, 196, 132, 44, 32, 196, 134, 44, 32, 196, 152, 44, 32, 197, 129, 44, 32, 197, 131, 44, 32, 195, 147, 44, 32, 197, 154, 44, 32, 197, 185, 44, 32, 197, 187]","70","70","1.0","ą, ć, ę, ł, ń, ó, ś, ź, ż, Ą, Ć, Ę, Ł, Ń, Ó, Ś, Ź, Ż","1"
"w1-TokenizerUTF8-wikipedia-zh-1000","月球条目讨论汉漢不转换阅读编辑查看历史外观 隐藏文本小标准大宽度标准宽颜色 （测试版）自动浅色深色维基百科，自由的百科全书提示：此条目的主题不是月或明月。关于与「月球」標題相近或相同的条目","[312, 524, 317, 161, 655, 352, 168, 352, 186, 444, 137, 481, 162, 401, 485, 172, 802, 162, 409, 133, 383, 187, 881, 150, 463, 145, 628, 165, 422, 139, 368, 134, 710, 488, 403, 130, 32, 416, 144, 701, 143, 421, 430, 417, 366, 135, 335, 134, 309, 277, 189, 584, 366, 135, 335, 134, 277, 189, 601, 156, 777, 299, 365, 139, 383, 149, 845, 349, 489, 670, 365, 133, 777, 749, 177, 777, 343, 180, 629, 395, 190, 541, 357, 489, 480, 263, 395, 190, 541, 606, 295, 166, 754, 913, 256, 154, 596, 317, 161, 655, 263, 397, 601, 152, 401, 308, 312, 735, 635, 312, 482, 266, 179, 461, 691, 258, 140, 312, 524, 258, 141, 474, 153, 498, 140, 660, 783, 735, 660, 491, 263, 317, 161, 655]","278","134","2.075","月球条目讨论汉漢不转换阅读编辑查看历史外观 隐藏文本小标准大宽度标准宽颜色 （测试版）自动浅色深色维基百科，自由的百科全书提示：此条目的主题不是月或明月。关于与「月球」標題相近或相同的条目","1"
"w1-TokenizerUTF8-wikipedia-zh-1000","Stół z powyłamywanymi nogami","[83, 116, 195, 179, 197, 130, 32, 122, 32, 112, 111, 119, 121, 197, 130, 97, 109, 121, 119, 531, 121, 109, 105, 32, 110, 111, 103, 97, 109, 105]","31","30","1.033","Stół z powyłamywanymi nogami","1"
"w1-TokenizerUTF8-wikipedia-zh-1000","The quick brown fox jumps over the lazy dog","[84, 875, 32, 113, 117, 815, 107, 32, 98, 967, 119, 110, 32, 102, 111, 120, 32, 106, 117, 109, 112, 115, 32, 111, 118, 499, 32, 116, 875, 32, 108, 97, 122, 121, 32, 100, 111, 103]","43","38","1.132","The quick brown fox jumps over the lazy dog","1"
"w1-TokenizerUTF8-wikipedia-zh-1000","Lorem ipsum dolor sit amet, consectetur adipiscing elit. Etiam bibendum, lacus nec consequat iaculis, augue urna posuere leo, id pretium orci ante ac nulla.","[76, 699, 101, 109, 32, 105, 112, 115, 117, 109, 32, 100, 111, 108, 699, 32, 115, 867, 32, 97, 109, 101, 116, 44, 32, 99, 599, 115, 101, 99, 116, 101, 116, 117, 114, 32, 97, 100, 105, 112, 836, 99, 589, 103, 32, 101, 108, 867, 46, 32, 69, 116, 105, 97, 109, 32, 98, 105, 98, 675, 100, 117, 109, 44, 32, 108, 97, 99, 117, 115, 32, 110, 101, 99, 32, 99, 599, 115, 101, 113, 117, 747, 32, 105, 97, 99, 117, 108, 836, 44, 32, 97, 117, 103, 117, 101, 32, 117, 114, 110, 97, 32, 112, 111, 115, 117, 499, 101, 32, 869, 111, 44, 32, 105, 100, 32, 112, 114, 101, 116, 105, 117, 109, 32, 699, 99, 105, 32, 531, 116, 101, 32, 97, 99, 32, 110, 117, 108, 108, 97, 46]","156","141","1.106","Lorem ipsum dolor sit amet, consectetur adipiscing elit. Etiam bibendum, lacus nec consequat iaculis, augue urna posuere leo, id pretium orci ante ac nulla.","1"
"w1-TokenizerUTF8-wikipedia-zh-5000","ą, ć, ę, ł, ń, ó, ś, ź, ż, Ą, Ć, Ę, Ł, Ń, Ó, Ś, Ź, Ż","[196, 133, 44, 32, 196, 135, 44, 32, 196, 153, 44, 32, 197, 130, 44, 32, 197, 132, 44, 32, 4550, 44, 32, 197, 155, 44, 32, 197, 186, 44, 32, 197, 188, 44, 32, 196, 132, 44, 32, 196, 134, 44, 32, 196, 152, 44, 32, 197, 129, 44, 32, 197, 131, 44, 32, 195, 147, 44, 32, 197, 154, 44, 32, 197, 185, 44, 32, 197, 187]","70","69","1.014","ą, ć, ę, ł, ń, ó, ś, ź, ż, Ą, Ć, Ę, Ł, Ń, Ó, Ś, Ź, Ż","1"
"w1-TokenizerUTF8-wikipedia-zh-5000","月球条目讨论汉漢不转换阅读编辑查看历史外观 隐藏文本小标准大宽度标准宽颜色 （测试版）自动浅色深色维基百科，自由的百科全书提示：此条目的主题不是月或明月。关于与「月球」標題相近或相同的条目","[312, 524, 1539, 655, 3372, 1509, 1502, 1661, 401, 1639, 2508, 2625, 2089, 1343, 2462, 1069, 1406, 1180, 710, 488, 1834, 32, 4015, 1492, 421, 430, 417, 1462, 1664, 309, 3006, 584, 1462, 1664, 3006, 4069, 777, 299, 2123, 2042, 845, 349, 489, 670, 4987, 777, 1321, 777, 1147, 629, 1223, 541, 357, 489, 480, 263, 1223, 541, 606, 1042, 754, 913, 1132, 596, 1539, 655, 263, 397, 1722, 401, 308, 312, 735, 635, 312, 482, 1032, 461, 691, 1197, 312, 524, 1028, 1312, 1361, 660, 783, 735, 660, 491, 263, 1539, 655]","278","93","2.989","月球条目讨论汉漢不转换阅读编辑查看历史外观 隐藏文本小标准大宽度标准宽颜色 （测试版）自动浅色深色维基百科，自由的百科全书提示：此条目的主题不是月或明月。关于与「月球」標題相近或相同的条目","1"
"w1-TokenizerUTF8-wikipedia-zh-5000","Stół z powyłamywanymi nogami","[3291, 4550, 197, 130, 32, 122, 1537, 1727, 121, 197, 130, 1066, 121, 119, 531, 4440, 105, 2257, 1854, 1066, 105]","31","21","1.476","Stół z powyłamywanymi nogami","1"
"w1-TokenizerUTF8-wikipedia-zh-5000","The quick brown fox jumps over the lazy dog","[2818, 32, 2657, 3765, 1741, 3022, 110, 1622, 3539, 4608, 1500, 112, 115, 32, 2055, 499, 1471, 2232, 3220, 121, 1442, 1854]","43","22","1.955","The quick brown fox jumps over the lazy dog","1"
"w1-TokenizerUTF8-wikipedia-zh-5000","Lorem ipsum dolor sit amet, consectetur adipiscing elit. Etiam bibendum, lacus nec consequat iaculis, augue urna posuere leo, id pretium orci ante ac nulla.","[76, 699, 1759, 32, 2431, 115, 1500, 1442, 1008, 699, 1536, 867, 32, 1066, 1168, 44, 1568, 4976, 2930, 1168, 1272, 32, 1470, 2431, 4387, 1278, 32, 1017, 867, 46, 1055, 116, 4460, 1741, 2726, 2963, 1500, 44, 2232, 1098, 1087, 2257, 1774, 1568, 599, 3432, 2657, 747, 3517, 1098, 1601, 836, 44, 2408, 3123, 3023, 32, 1272, 110, 97, 1537, 1626, 117, 499, 101, 32, 869, 4742, 32, 1295, 1537, 1088, 116, 3454, 32, 699, 99, 105, 4842, 2117, 32, 1098, 2257, 4915, 97, 46]","156","86","1.814","Lorem ipsum dolor sit amet, consectetur adipiscing elit. Etiam bibendum, lacus nec consequat iaculis, augue urna posuere leo, id pretium orci ante ac nulla.","1"
"w1-TokenizerUTF8-wikipedia-zh-10000","ą, ć, ę, ł, ń, ó, ś, ź, ż, Ą, Ć, Ę, Ł, Ń, Ó, Ś, Ź, Ż","[196, 133, 44, 6914, 135, 44, 6914, 153, 44, 8606, 130, 44, 8606, 132, 44, 32, 4550, 44, 8606, 155, 44, 8606, 186, 44, 8606, 188, 44, 6914, 132, 44, 6914, 134, 44, 6914, 152, 44, 8606, 129, 44, 8606, 131, 44, 5364, 147, 44, 8606, 154, 44, 8606, 185, 44, 8606, 187]","70","53","1.321","ą, ć, ę, ł, ń, ó, ś, ź, ż, Ą, Ć, Ę, Ł, Ń, Ó, Ś, Ź, Ż","1"
"w1-TokenizerUTF8-wikipedia-zh-10000","月球条目讨论汉漢不转换阅读编辑查看历史外观 隐藏文本小标准大宽度标准宽颜色 （测试版）自动浅色深色维基百科，自由的百科全书提示：此条目的主题不是月或明月。关于与「月球」標題相近或相同的条目","[312, 524, 1539, 655, 3372, 1509, 1502, 1661, 401, 1639, 2508, 2625, 2089, 1343, 2462, 1069, 1406, 1180, 710, 488, 1834, 32, 4015, 1492, 421, 430, 417, 1462, 1664, 309, 3006, 584, 1462, 1664, 3006, 4069, 777, 299, 2123, 2042, 845, 349, 489, 670, 4987, 777, 1321, 777, 1147, 629, 1223, 541, 357, 489, 480, 263, 1223, 541, 606, 1042, 754, 913, 1132, 596, 1539, 655, 263, 397, 1722, 401, 308, 312, 735, 635, 312, 482, 1032, 461, 691, 1197, 312, 524, 1028, 1312, 1361, 660, 783, 735, 660, 491, 263, 1539, 655]","278","93","2.989","月球条目讨论汉漢不转换阅读编辑查看历史外观 隐藏文本小标准大宽度标准宽颜色 （测试版）自动浅色深色维基百科，自由的百科全书提示：此条目的主题不是月或明月。关于与「月球」標題相近或相同的条目","1"
"w1-TokenizerUTF8-wikipedia-zh-10000","Stół z powyłamywanymi nogami","[3291, 4550, 9264, 5367, 1537, 1727, 121, 9264, 1066, 121, 6293, 4440, 105, 2257, 1854, 8112]","31","16","1.938","Stół z powyłamywanymi nogami","1"
"w1-TokenizerUTF8-wikipedia-zh-10000","The quick brown fox jumps over the lazy dog","[2818, 7016, 3765, 1741, 7157, 1622, 3539, 4608, 1500, 6142, 32, 5807, 1471, 2232, 3220, 121, 1442, 1854]","43","18","2.389","The quick brown fox jumps over the lazy dog","1"
"w1-TokenizerUTF8-wikipedia-zh-10000","Lorem ipsum dolor sit amet, consectetur adipiscing elit. Etiam bibendum, lacus nec consequat iaculis, augue urna posuere leo, id pretium orci ante ac nulla.","[76, 699, 1759, 32, 2431, 115, 1500, 1442, 1008, 699, 1536, 867, 6819, 1168, 44, 1568, 4976, 2930, 1168, 1272, 8249, 2431, 4387, 1278, 8402, 867, 46, 1055, 116, 4460, 1741, 2726, 2963, 1500, 44, 2232, 1098, 1087, 2257, 1774, 5394, 3432, 2657, 747, 3517, 1098, 1601, 6642, 2408, 3123, 3023, 32, 5023, 97, 1537, 1626, 117, 5045, 5494, 4742, 6299, 1537, 5133, 3454, 5273, 99, 105, 4842, 2117, 6292, 2257, 4915, 5419]","156","73","2.137","Lorem ipsum dolor sit amet, consectetur adipiscing elit. Etiam bibendum, lacus nec consequat iaculis, augue urna posuere leo, id pretium orci ante ac nulla.","1"
"w1-TokenizerUTF8-wolne-lektury-1000","ą, ć, ę, ł, ń, ó, ś, ź, ż, Ą, Ć, Ę, Ł, Ń, Ó, Ś, Ź, Ż","[456, 32, 540, 32, 499, 32, 684, 32, 360, 44, 32, 273, 44, 388, 44, 32, 432, 44, 510, 44, 32, 196, 132, 44, 32, 196, 134, 44, 32, 196, 152, 44, 579, 129, 44, 579, 131, 44, 32, 195, 147, 44, 579, 154, 44, 579, 185, 44, 801]","70","49","1.429","ą, ć, ę, ł, ń, ó, ś, ź, ż, Ą, Ć, Ę, Ł, Ń, Ó, Ś, Ź, Ż","1"
"w1-TokenizerUTF8-wolne-lektury-1000","月球条目讨论汉漢不转换阅读编辑查看历史外观 隐藏文本小标准大宽度标准宽颜色 （测试版）自动浅色深色维基百科，自由的百科全书提示：此条目的主题不是月或明月。关于与「月球」標題相近或相同的条目","[230, 156, 136, 231, 144, 131, 230, 157, 161, 231, 155, 174, 232, 174, 168, 232, 174, 186, 230, 177, 137, 230, 188, 162, 228, 184, 141, 232, 189, 172, 230, 141, 162, 233, 152, 133, 232, 175, 187, 231, 188, 150, 232, 190, 145, 230, 159, 165, 231, 156, 139, 229, 142, 134, 229, 143, 178, 229, 164, 150, 232, 167, 130, 32, 233, 154, 144, 232, 151, 143, 230, 150, 135, 230, 156, 172, 229, 176, 143, 230, 160, 135, 229, 135, 134, 229, 164, 167, 229, 174, 189, 229, 186, 166, 230, 160, 135, 229, 135, 134, 229, 174, 189, 233, 162, 156, 232, 137, 178, 32, 239, 188, 136, 230, 181, 139, 232, 175, 149, 231, 137, 136, 239, 188, 137, 232, 135, 170, 229, 138, 168, 230, 181, 133, 232, 137, 178, 230, 183, 177, 232, 137, 178, 231, 187, 180, 229, 159, 186, 231, 153, 190, 231, 167, 145, 239, 188, 140, 232, 135, 170, 231, 148, 177, 231, 154, 132, 231, 153, 190, 231, 167, 145, 229, 133, 168, 228, 185, 166, 230, 143, 144, 231, 164, 186, 239, 188, 154, 230, 173, 164, 230, 157, 161, 231, 155, 174, 231, 154, 132, 228, 184, 187, 233, 162, 152, 228, 184, 141, 230, 152, 175, 230, 156, 136, 230, 136, 150, 230, 152, 142, 230, 156, 136, 227, 128, 130, 229, 133, 179, 228, 186, 142, 228, 184, 142, 227, 128, 140, 230, 156, 136, 231, 144, 131, 227, 128, 141, 230, 168, 153, 233, 161, 140, 231, 155, 184, 232, 191, 145, 230, 136, 150, 231, 155, 184, 229, 144, 140, 231, 154, 132, 230, 157, 161, 231, 155, 174]","278","278","1.0","月球条目讨论汉漢不转换阅读编辑查看历史外观 隐藏文本小标准大宽度标准宽颜色 （测试版）自动浅色深色维基百科，自由的百科全书提示：此条目的主题不是月或明月。关于与「月球」標題相近或相同的条目","1"
"w1-TokenizerUTF8-wolne-lektury-1000","Stół z powyłamywanymi nogami","[83, 352, 257, 264, 563, 121, 309, 421, 119, 284, 762, 636, 103, 433]","31","14","2.214","Stół z powyłamywanymi nogami","1"
"w1-TokenizerUTF8-wolne-lektury-1000","The quick brown fox jumps over the lazy dog","[84, 104, 101, 32, 113, 117, 105, 99, 107, 290, 822, 110, 485, 111, 120, 278, 946, 112, 115, 276, 118, 398, 269, 104, 101, 32, 373, 469, 308, 103]","43","30","1.433","The quick brown fox jumps over the lazy dog","1"
"w1-TokenizerUTF8-wolne-lektury-1000","Lorem ipsum dolor sit amet, consectetur adipiscing elit. Etiam bibendum, lacus nec consequat iaculis, augue urna posuere leo, id pretium orci ante ac nulla.","[76, 482, 304, 279, 112, 713, 109, 308, 473, 114, 693, 116, 32, 316, 769, 44, 403, 110, 115, 951, 424, 450, 114, 322, 100, 105, 438, 115, 297, 110, 103, 868, 298, 116, 46, 809, 116, 105, 316, 706, 98, 390, 577, 522, 32, 373, 704, 115, 262, 951, 403, 110, 115, 101, 113, 117, 335, 279, 97, 704, 298, 115, 44, 322, 117, 757, 101, 317, 114, 314, 289, 713, 101, 366, 489, 111, 44, 279, 100, 258, 366, 116, 105, 946, 276, 114, 297, 32, 284, 424, 322, 99, 262, 117, 108, 373, 46]","156","97","1.608","Lorem ipsum dolor sit amet, consectetur adipiscing elit. Etiam bibendum, lacus nec consequat iaculis, augue urna posuere leo, id pretium orci ante ac nulla.","1"
"w1-TokenizerUTF8-wolne-lektury-5000","ą, ć, ę, ł, ń, ó, ś, ź, ż, Ą, Ć, Ę, Ł, Ń, Ó, Ś, Ź, Ż","[456, 32, 540, 32, 499, 32, 684, 32, 1236, 32, 273, 44, 388, 44, 1613, 44, 510, 44, 32, 196, 132, 44, 32, 196, 134, 44, 32, 196, 152, 44, 1725, 44, 579, 131, 44, 32, 2806, 44, 1142, 44, 579, 185, 44, 801]","70","44","1.591","ą, ć, ę, ł, ń, ó, ś, ź, ż, Ą, Ć, Ę, Ł, Ń, Ó, Ś, Ź, Ż","1"
"w1-TokenizerUTF8-wolne-lektury-5000","月球条目讨论汉漢不转换阅读编辑查看历史外观 隐藏文本小标准大宽度标准宽颜色 （测试版）自动浅色深色维基百科，自由的百科全书提示：此条目的主题不是月或明月。关于与「月球」標題相近或相同的条目","[230, 156, 136, 231, 144, 131, 230, 157, 161, 231, 155, 174, 232, 174, 168, 232, 174, 186, 230, 177, 137, 230, 188, 162, 228, 184, 141, 232, 189, 172, 230, 141, 162, 233, 152, 133, 232, 175, 187, 231, 188, 150, 232, 190, 145, 230, 159, 165, 231, 156, 139, 229, 142, 134, 229, 143, 178, 229, 164, 150, 232, 167, 130, 32, 233, 154, 144, 232, 151, 143, 230, 150, 135, 230, 156, 172, 229, 176, 143, 230, 160, 135, 229, 135, 134, 229, 164, 167, 229, 174, 189, 229, 186, 166, 230, 160, 135, 229, 135, 134, 229, 174, 189, 233, 162, 156, 232, 137, 178, 32, 239, 188, 136, 230, 181, 139, 232, 175, 149, 231, 137, 136, 239, 188, 137, 232, 135, 170, 229, 138, 168, 230, 181, 133, 232, 137, 178, 230, 183, 177, 232, 137, 178, 231, 187, 180, 229, 159, 186, 231, 153, 190, 231, 167, 145, 239, 188, 140, 232, 135, 170, 231, 148, 177, 231, 154, 132, 231, 153, 190, 231, 167, 145, 229, 133, 168, 228, 185, 166, 230, 143, 144, 231, 164, 186, 239, 188, 154, 230, 173, 164, 230, 157, 161, 231, 155, 174, 231, 154, 132, 228, 184, 187, 233, 162, 152, 228, 184, 141, 230, 152, 175, 230, 156, 136, 230, 136, 150, 230, 152, 142, 230, 156, 136, 227, 128, 130, 229, 133, 179, 228, 186, 142, 228, 184, 142, 227, 128, 140, 230, 156, 136, 231, 144, 131, 227, 128, 141, 230, 168, 153, 233, 161, 140, 231, 155, 184, 232, 191, 145, 230, 136, 150, 231, 155, 184, 229, 144, 140, 231, 154, 132, 230, 157, 161, 231, 155, 174]","278","278","1.0","月球条目讨论汉漢不转换阅读编辑查看历史外观 隐藏文本小标准大宽度标准宽颜色 （测试版）自动浅色深色维基百科，自由的百科全书提示：此条目的主题不是月或明月。关于与「月球」標題相近或相同的条目","1"
"w1-TokenizerUTF8-wolne-lektury-5000","Stół z powyłamywanymi nogami","[83, 352, 257, 264, 563, 121, 309, 421, 2133, 762, 3075, 433]","31","12","2.583","Stół z powyłamywanymi nogami","1"
"w1-TokenizerUTF8-wolne-lektury-5000","The quick brown fox jumps over the lazy dog","[84, 4317, 4650, 105, 99, 107, 290, 822, 110, 3342, 120, 278, 946, 112, 115, 276, 118, 398, 269, 4317, 1232, 469, 308, 103]","43","24","1.792","The quick brown fox jumps over the lazy dog","1"
"w1-TokenizerUTF8-wolne-lektury-5000","Lorem ipsum dolor sit amet, consectetur adipiscing elit. Etiam bibendum, lacus nec consequat iaculis, augue urna posuere leo, id pretium orci ante ac nulla.","[76, 2841, 279, 112, 713, 109, 308, 473, 114, 693, 116, 2469, 769, 44, 403, 110, 115, 951, 424, 4375, 322, 1987, 1140, 297, 110, 103, 868, 298, 1968, 809, 3300, 316, 706, 98, 390, 577, 522, 1232, 704, 115, 262, 951, 403, 110, 1505, 2197, 335, 279, 97, 704, 298, 1284, 1842, 757, 101, 317, 114, 314, 4874, 101, 366, 489, 1123, 279, 100, 1994, 3300, 946, 1628, 297, 2025, 424, 322, 99, 262, 2923, 2443]","156","77","2.026","Lorem ipsum dolor sit amet, consectetur adipiscing elit. Etiam bibendum, lacus nec consequat iaculis, augue urna posuere leo, id pretium orci ante ac nulla.","1"
"w1-TokenizerUTF8-wolne-lektury-10000","ą, ć, ę, ł, ń, ó, ś, ź, ż, Ą, Ć, Ę, Ł, Ń, Ó, Ś, Ź, Ż","[456, 32, 540, 32, 499, 32, 684, 32, 1236, 32, 273, 44, 388, 44, 1613, 44, 510, 44, 32, 5846, 44, 32, 196, 134, 44, 32, 6089, 44, 1725, 44, 579, 131, 44, 9542, 44, 1142, 44, 579, 185, 44, 801]","70","41","1.707","ą, ć, ę, ł, ń, ó, ś, ź, ż, Ą, Ć, Ę, Ł, Ń, Ó, Ś, Ź, Ż","1"
"w1-TokenizerUTF8-wolne-lektury-10000","月球条目讨论汉漢不转换阅读编辑查看历史外观 隐藏文本小标准大宽度标准宽颜色 （测试版）自动浅色深色维基百科，自由的百科全书提示：此条目的主题不是月或明月。关于与「月球」標題相近或相同的条目","[230, 156, 136, 231, 144, 131, 230, 157, 161, 231, 155, 174, 232, 174, 168, 232, 174, 186, 230, 177, 137, 230, 188, 162, 228, 184, 141, 232, 189, 172, 230, 141, 162, 233, 152, 133, 232, 175, 187, 231, 188, 150, 232, 190, 145, 230, 159, 165, 231, 156, 139, 229, 142, 134, 229, 143, 178, 229, 164, 150, 232, 167, 130, 32, 233, 154, 144, 232, 151, 143, 230, 150, 135, 230, 156, 172, 229, 176, 143, 230, 160, 135, 229, 135, 134, 229, 164, 167, 229, 174, 189, 229, 186, 166, 230, 160, 135, 229, 135, 134, 229, 174, 189, 233, 162, 156, 232, 137, 178, 32, 239, 188, 136, 230, 181, 139, 232, 175, 149, 231, 137, 136, 239, 188, 137, 232, 135, 170, 229, 138, 168, 230, 181, 133, 232, 137, 178, 230, 183, 177, 232, 137, 178, 231, 187, 180, 229, 159, 186, 231, 153, 190, 231, 167, 145, 239, 188, 140, 232, 135, 170, 231, 148, 177, 231, 154, 132, 231, 153, 190, 231, 167, 145, 229, 133, 168, 228, 185, 166, 230, 143, 144, 231, 164, 186, 239, 188, 154, 230, 173, 164, 230, 157, 161, 231, 155, 174, 231, 154, 132, 228, 184, 187, 233, 162, 152, 228, 184, 141, 230, 152, 175, 230, 156, 136, 230, 136, 150, 230, 152, 142, 230, 156, 136, 227, 128, 130, 229, 133, 179, 228, 186, 142, 228, 184, 142, 227, 128, 140, 230, 156, 136, 231, 144, 131, 227, 128, 141, 230, 168, 153, 233, 161, 140, 231, 155, 184, 232, 191, 145, 230, 136, 150, 231, 155, 184, 229, 144, 140, 231, 154, 132, 230, 157, 161, 231, 155, 174]","278","278","1.0","月球条目讨论汉漢不转换阅读编辑查看历史外观 隐藏文本小标准大宽度标准宽颜色 （测试版）自动浅色深色维基百科，自由的百科全书提示：此条目的主题不是月或明月。关于与「月球」標題相近或相同的条目","1"
"w1-TokenizerUTF8-wolne-lektury-10000","Stół z powyłamywanymi nogami","[83, 352, 257, 264, 6074, 309, 421, 2133, 762, 8185]","31","10","3.1","Stół z powyłamywanymi nogami","1"
"w1-TokenizerUTF8-wolne-lektury-10000","The quick brown fox jumps over the lazy dog","[84, 4317, 4650, 105, 5057, 290, 822, 110, 3342, 120, 278, 946, 112, 115, 276, 9644, 269, 4317, 1232, 469, 308, 103]","43","22","1.955","The quick brown fox jumps over the lazy dog","1"
"w1-TokenizerUTF8-wolne-lektury-10000","Lorem ipsum dolor sit amet, consectetur adipiscing elit. Etiam bibendum, lacus nec consequat iaculis, augue urna posuere leo, id pretium orci ante ac nulla.","[76, 2841, 279, 112, 713, 109, 308, 473, 114, 693, 116, 2469, 769, 44, 9674, 115, 951, 424, 4375, 322, 1987, 1140, 5081, 103, 868, 298, 1968, 809, 3300, 316, 706, 98, 390, 577, 522, 1232, 704, 115, 262, 951, 9674, 1505, 2197, 335, 279, 97, 704, 298, 1284, 1842, 757, 101, 8796, 314, 4874, 101, 366, 489, 1123, 279, 100, 1994, 3300, 946, 1628, 297, 2025, 424, 322, 99, 262, 2923, 2443]","156","73","2.137","Lorem ipsum dolor sit amet, consectetur adipiscing elit. Etiam bibendum, lacus nec consequat iaculis, augue urna posuere leo, id pretium orci ante ac nulla.","1"
"w1-TokenizerUTF8-random-text-files-1000","ą, ć, ę, ł, ń, ó, ś, ź, ż, Ą, Ć, Ę, Ł, Ń, Ó, Ś, Ź, Ż","[196, 133, 44, 32, 196, 135, 44, 32, 196, 153, 44, 32, 197, 130, 44, 32, 197, 132, 44, 32, 195, 179, 44, 32, 197, 155, 44, 32, 197, 186, 44, 32, 197, 188, 44, 32, 196, 132, 44, 32, 196, 134, 44, 32, 196, 152, 44, 32, 197, 129, 44, 32, 197, 131, 44, 32, 195, 147, 44, 32, 197, 154, 44, 32, 197, 185, 44, 32, 197, 187]","70","70","1.0","ą, ć, ę, ł, ń, ó, ś, ź, ż, Ą, Ć, Ę, Ł, Ń, Ó, Ś, Ź, Ż","1"
"w1-TokenizerUTF8-random-text-files-1000","月球条目讨论汉漢不转换阅读编辑查看历史外观 隐藏文本小标准大宽度标准宽颜色 （测试版）自动浅色深色维基百科，自由的百科全书提示：此条目的主题不是月或明月。关于与「月球」標題相近或相同的条目","[230, 156, 136, 231, 144, 131, 230, 157, 161, 231, 155, 174, 232, 174, 168, 232, 174, 186, 230, 177, 137, 230, 188, 162, 228, 184, 141, 232, 189, 172, 230, 141, 162, 233, 152, 133, 232, 175, 187, 231, 188, 150, 232, 190, 145, 230, 159, 165, 231, 156, 139, 229, 142, 134, 229, 143, 178, 229, 164, 150, 232, 167, 130, 32, 233, 154, 144, 232, 151, 143, 230, 150, 135, 230, 156, 172, 229, 176, 143, 230, 160, 135, 229, 135, 134, 229, 164, 167, 229, 174, 189, 229, 186, 166, 230, 160, 135, 229, 135, 134, 229, 174, 189, 233, 162, 156, 232, 137, 178, 32, 239, 188, 136, 230, 181, 139, 232, 175, 149, 231, 137, 136, 239, 188, 137, 232, 135, 170, 229, 138, 168, 230, 181, 133, 232, 137, 178, 230, 183, 177, 232, 137, 178, 231, 187, 180, 229, 159, 186, 231, 153, 190, 231, 167, 145, 239, 188, 140, 232, 135, 170, 231, 148, 177, 231, 154, 132, 231, 153, 190, 231, 167, 145, 229, 133, 168, 228, 185, 166, 230, 143, 144, 231, 164, 186, 239, 188, 154, 230, 173, 164, 230, 157, 161, 231, 155, 174, 231, 154, 132, 228, 184, 187, 233, 162, 152, 228, 184, 141, 230, 152, 175, 230, 156, 136, 230, 136, 150, 230, 152, 142, 230, 156, 136, 227, 128, 130, 229, 133, 179, 228, 186, 142, 228, 184, 142, 227, 128, 140, 230, 156, 136, 231, 144, 131, 227, 128, 141, 230, 168, 153, 233, 161, 140, 231, 155, 184, 232, 191, 145, 230, 136, 150, 231, 155, 184, 229, 144, 140, 231, 154, 132, 230, 157, 161, 231, 155, 174]","278","278","1.0","月球条目讨论汉漢不转换阅读编辑查看历史外观 隐藏文本小标准大宽度标准宽颜色 （测试版）自动浅色深色维基百科，自由的百科全书提示：此条目的主题不是月或明月。关于与「月球」標題相近或相同的条目","1"
"w1-TokenizerUTF8-random-text-files-1000","Stół z powyłamywanymi nogami","[83, 116, 195, 179, 197, 130, 32, 122, 276, 336, 121, 197, 130, 330, 121, 119, 275, 919, 105, 307, 397, 330, 105]","31","23","1.348","Stół z powyłamywanymi nogami","1"
"w1-TokenizerUTF8-random-text-files-1000","The quick brown fox jumps over the lazy dog","[84, 259, 751, 283, 107, 284, 291, 119, 110, 282, 111, 120, 663, 392, 112, 115, 720, 264, 323, 97, 122, 121, 285, 397]","43","24","1.792","The quick brown fox jumps over the lazy dog","1"
"w1-TokenizerUTF8-random-text-files-1000","Lorem ipsum dolor sit amet, consectetur adipiscing elit. Etiam bibendum, lacus nec consequat iaculis, augue urna posuere leo, id pretium orci ante ac nulla.","[76, 404, 109, 32, 554, 115, 392, 285, 314, 266, 265, 271, 257, 109, 294, 44, 770, 383, 294, 303, 470, 554, 272, 99, 280, 310, 108, 271, 46, 432, 116, 105, 330, 284, 105, 98, 536, 392, 44, 323, 297, 296, 307, 293, 346, 413, 393, 263, 32, 105, 297, 324, 272, 44, 257, 117, 103, 856, 32, 303, 110, 97, 895, 856, 260, 428, 111, 44, 32, 328, 676, 116, 105, 392, 405, 99, 105, 279, 116, 101, 257, 99, 307, 324, 108, 97, 46]","156","87","1.793","Lorem ipsum dolor sit amet, consectetur adipiscing elit. Etiam bibendum, lacus nec consequat iaculis, augue urna posuere leo, id pretium orci ante ac nulla.","1"
"w1-TokenizerUTF8-random-text-files-5000","ą, ć, ę, ł, ń, ó, ś, ź, ż, Ą, Ć, Ę, Ł, Ń, Ó, Ś, Ź, Ż","[196, 133, 44, 32, 196, 135, 44, 32, 196, 153, 44, 32, 197, 130, 44, 32, 197, 132, 44, 32, 195, 179, 44, 32, 197, 155, 44, 32, 197, 186, 44, 32, 197, 188, 44, 32, 196, 132, 44, 32, 196, 134, 44, 32, 196, 152, 44, 32, 197, 129, 44, 32, 197, 131, 44, 32, 195, 147, 44, 32, 197, 154, 44, 32, 197, 185, 44, 32, 197, 187]","70","70","1.0","ą, ć, ę, ł, ń, ó, ś, ź, ż, Ą, Ć, Ę, Ł, Ń, Ó, Ś, Ź, Ż","1"
"w1-TokenizerUTF8-random-text-files-5000","月球条目讨论汉漢不转换阅读编辑查看历史外观 隐藏文本小标准大宽度标准宽颜色 （测试版）自动浅色深色维基百科，自由的百科全书提示：此条目的主题不是月或明月。关于与「月球」標題相近或相同的条目","[230, 156, 136, 231, 144, 131, 230, 157, 161, 231, 155, 174, 232, 174, 168, 232, 174, 186, 230, 177, 137, 230, 188, 162, 228, 184, 141, 232, 189, 172, 230, 141, 162, 233, 152, 133, 232, 175, 187, 231, 188, 150, 232, 190, 145, 230, 159, 165, 231, 156, 139, 229, 142, 134, 229, 143, 178, 229, 164, 150, 232, 167, 130, 32, 233, 154, 144, 232, 151, 143, 230, 150, 135, 230, 156, 172, 229, 176, 143, 230, 160, 135, 229, 135, 134, 229, 164, 167, 229, 174, 189, 229, 186, 166, 230, 160, 135, 229, 135, 134, 229, 174, 189, 233, 162, 156, 232, 137, 178, 32, 239, 188, 136, 230, 181, 139, 232, 175, 149, 231, 137, 136, 239, 188, 137, 232, 135, 170, 229, 138, 168, 230, 181, 133, 232, 137, 178, 230, 183, 177, 232, 137, 178, 231, 187, 180, 229, 159, 186, 231, 153, 190, 231, 167, 145, 239, 188, 140, 232, 135, 170, 231, 148, 177, 231, 154, 132, 231, 153, 190, 231, 167, 145, 229, 133, 168, 228, 185, 166, 230, 143, 144, 231, 164, 186, 239, 188, 154, 230, 173, 164, 230, 157, 161, 231, 155, 174, 231, 154, 132, 228, 184, 187, 233, 162, 152, 228, 184, 141, 230, 152, 175, 230, 156, 136, 230, 136, 150, 230, 152, 142, 230, 156, 136, 227, 128, 130, 229, 133, 179, 228, 186, 142, 228, 184, 142, 227, 128, 140, 230, 156, 136, 231, 144, 131, 227, 128, 141, 230, 168, 153, 233, 161, 140, 231, 155, 184, 232, 191, 145, 230, 136, 150, 231, 155, 184, 229, 144, 140, 231, 154, 132, 230, 157, 161, 231, 155, 174]","278","278","1.0","月球条目讨论汉漢不转换阅读编辑查看历史外观 隐藏文本小标准大宽度标准宽颜色 （测试版）自动浅色深色维基百科，自由的百科全书提示：此条目的主题不是月或明月。关于与「月球」標題相近或相同的条目","1"
"w1-TokenizerUTF8-random-text-files-5000","Stół z powyłamywanymi nogami","[83, 116, 195, 179, 197, 130, 32, 122, 276, 336, 121, 197, 130, 330, 121, 119, 275, 919, 105, 307, 397, 330, 105]","31","23","1.348","Stół z powyłamywanymi nogami","1"
"w1-TokenizerUTF8-random-text-files-5000","The quick brown fox jumps over the lazy dog","[1473, 3909, 1985, 1184, 282, 1561, 663, 2459, 115, 720, 264, 323, 1690, 121, 285, 397]","43","16","2.688","The quick brown fox jumps over the lazy dog","1"
"w1-TokenizerUTF8-random-text-files-5000","Lorem ipsum dolor sit amet, consectetur adipiscing elit. Etiam bibendum, lacus nec consequat iaculis, augue urna posuere leo, id pretium orci ante ac nulla.","[76, 404, 109, 32, 554, 3521, 285, 314, 266, 2098, 1072, 3999, 770, 383, 294, 303, 470, 554, 272, 3124, 2574, 271, 46, 432, 116, 105, 330, 284, 1029, 536, 392, 44, 323, 297, 296, 307, 293, 3675, 263, 1696, 297, 324, 272, 44, 257, 1539, 856, 32, 1303, 97, 895, 856, 260, 428, 1572, 32, 328, 676, 116, 1542, 405, 1131, 279, 1105, 1088, 307, 3462, 1830]","156","68","2.294","Lorem ipsum dolor sit amet, consectetur adipiscing elit. Etiam bibendum, lacus nec consequat iaculis, augue urna posuere leo, id pretium orci ante ac nulla.","1"
"w1-TokenizerUTF8-random-text-files-10000","ą, ć, ę, ł, ń, ó, ś, ź, ż, Ą, Ć, Ę, Ł, Ń, Ó, Ś, Ź, Ż","[196, 133, 44, 32, 196, 135, 44, 32, 196, 153, 44, 32, 197, 130, 44, 32, 197, 132, 44, 32, 195, 179, 44, 32, 197, 155, 44, 32, 197, 186, 44, 32, 197, 188, 44, 32, 196, 132, 44, 32, 196, 134, 44, 32, 196, 152, 44, 32, 197, 129, 44, 32, 197, 131, 44, 32, 195, 147, 44, 32, 197, 154, 44, 32, 197, 185, 44, 32, 197, 187]","70","70","1.0","ą, ć, ę, ł, ń, ó, ś, ź, ż, Ą, Ć, Ę, Ł, Ń, Ó, Ś, Ź, Ż","1"
"w1-TokenizerUTF8-random-text-files-10000","月球条目讨论汉漢不转换阅读编辑查看历史外观 隐藏文本小标准大宽度标准宽颜色 （测试版）自动浅色深色维基百科，自由的百科全书提示：此条目的主题不是月或明月。关于与「月球」標題相近或相同的条目","[230, 156, 136, 231, 144, 131, 230, 157, 161, 231, 155, 174, 232, 174, 168, 232, 174, 186, 230, 177, 137, 230, 188, 162, 228, 184, 141, 232, 189, 172, 230, 141, 162, 233, 152, 133, 232, 175, 187, 231, 188, 150, 232, 190, 145, 230, 159, 165, 231, 156, 139, 229, 142, 134, 229, 143, 178, 229, 164, 150, 232, 167, 130, 32, 233, 154, 144, 232, 151, 143, 230, 150, 135, 230, 156, 172, 229, 176, 143, 230, 160, 135, 229, 135, 134, 229, 164, 167, 229, 174, 189, 229, 186, 166, 230, 160, 135, 229, 135, 134, 229, 174, 189, 233, 162, 156, 232, 137, 178, 32, 239, 188, 136, 230, 181, 139, 232, 175, 149, 231, 137, 136, 239, 188, 137, 232, 135, 170, 229, 138, 168, 230, 181, 133, 232, 137, 178, 230, 183, 177, 232, 137, 178, 231, 187, 180, 229, 159, 186, 231, 153, 190, 231, 167, 145, 239, 188, 140, 232, 135, 170, 231, 148, 177, 231, 154, 132, 231, 153, 190, 231, 167, 145, 229, 133, 168, 228, 185, 166, 230, 143, 144, 231, 164, 186, 239, 188, 154, 230, 173, 164, 230, 157, 161, 231, 155, 174, 231, 154, 132, 228, 184, 187, 233, 162, 152, 228, 184, 141, 230, 152, 175, 230, 156, 136, 230, 136, 150, 230, 152, 142, 230, 156, 136, 5739, 130, 229, 133, 179, 228, 186, 142, 228, 184, 142, 5739, 140, 230, 156, 136, 231, 144, 131, 5739, 141, 230, 168, 153, 233, 161, 140, 231, 155, 184, 232, 191, 145, 230, 136, 150, 231, 155, 184, 229, 144, 140, 231, 154, 132, 230, 157, 161, 231, 155, 174]","278","275","1.011","月球条目讨论汉漢不转换阅读编辑查看历史外观 隐藏文本小标准大宽度标准宽颜色 （测试版）自动浅色深色维基百科，自由的百科全书提示：此条目的主题不是月或明月。关于与「月球」標題相近或相同的条目","1"
"w1-TokenizerUTF8-random-text-files-10000","Stół z powyłamywanymi nogami","[7779, 195, 179, 197, 130, 5120, 5302, 121, 197, 130, 330, 121, 7640, 919, 105, 307, 397, 330, 105]","31","19","1.632","Stół z powyłamywanymi nogami","1"
"w1-TokenizerUTF8-random-text-files-10000","The quick brown fox jumps over the lazy dog","[1473, 3909, 1985, 1184, 282, 1561, 7561, 115, 720, 264, 323, 1690, 121, 285, 397]","43","15","2.867","The quick brown fox jumps over the lazy dog","1"
"w1-TokenizerUTF8-random-text-files-10000","Lorem ipsum dolor sit amet, consectetur adipiscing elit. Etiam bibendum, lacus nec consequat iaculis, augue urna posuere leo, id pretium orci ante ac nulla.","[76, 404, 109, 32, 554, 3521, 285, 314, 266, 2098, 1072, 3999, 770, 383, 294, 303, 470, 554, 272, 3124, 2574, 6798, 432, 116, 8459, 284, 1029, 536, 9098, 323, 297, 296, 307, 293, 3675, 263, 1696, 297, 324, 6336, 257, 1539, 856, 32, 1303, 97, 895, 856, 260, 428, 1572, 8260, 9809, 1542, 405, 1131, 279, 1105, 1088, 307, 3462, 1830]","156","62","2.516","Lorem ipsum dolor sit amet, consectetur adipiscing elit. Etiam bibendum, lacus nec consequat iaculis, augue urna posuere leo, id pretium orci ante ac nulla.","1"
"w1-TokenizerUTF8-wikipedia-pl-1000","ą, ć, ę, ł, ń, ó, ś, ź, ż, Ą, Ć, Ę, Ł, Ń, Ó, Ś, Ź, Ż","[267, 44, 32, 351, 44, 32, 269, 44, 32, 257, 44, 32, 335, 44, 32, 271, 44, 450, 44, 467, 186, 44, 943, 44, 32, 196, 132, 44, 32, 196, 134, 44, 32, 196, 152, 44, 985, 44, 467, 131, 44, 32, 195, 147, 44, 720, 44, 467, 185, 44, 752]","70","51","1.373","ą, ć, ę, ł, ń, ó, ś, ź, ż, Ą, Ć, Ę, Ł, Ń, Ó, Ś, Ź, Ż","1"
"w1-TokenizerUTF8-wikipedia-pl-1000","月球条目讨论汉漢不转换阅读编辑查看历史外观 隐藏文本小标准大宽度标准宽颜色 （测试版）自动浅色深色维基百科，自由的百科全书提示：此条目的主题不是月或明月。关于与「月球」標題相近或相同的条目","[230, 156, 136, 231, 144, 131, 230, 157, 161, 231, 155, 174, 232, 174, 168, 232, 174, 186, 230, 177, 137, 230, 188, 162, 228, 184, 141, 232, 189, 172, 230, 141, 162, 233, 152, 133, 232, 175, 187, 231, 188, 150, 232, 190, 145, 230, 159, 165, 231, 156, 139, 229, 142, 134, 229, 143, 178, 229, 164, 150, 232, 167, 130, 32, 233, 154, 144, 232, 151, 143, 230, 150, 135, 230, 156, 172, 229, 176, 143, 230, 160, 135, 229, 135, 134, 229, 164, 167, 229, 174, 189, 229, 186, 166, 230, 160, 135, 229, 135, 134, 229, 174, 189, 233, 162, 156, 232, 137, 178, 32, 239, 188, 136, 230, 181, 139, 232, 175, 149, 231, 137, 136, 239, 188, 137, 232, 135, 170, 229, 138, 168, 230, 181, 133, 232, 137, 178, 230, 183, 177, 232, 137, 178, 231, 187, 180, 229, 159, 186, 231, 153, 190, 231, 167, 145, 239, 188, 140, 232, 135, 170, 231, 148, 177, 231, 154, 132, 231, 153, 190, 231, 167, 145, 229, 133, 168, 228, 185, 166, 230, 143, 144, 231, 164, 186, 239, 188, 154, 230, 173, 164, 230, 157, 161, 231, 155, 174, 231, 154, 132, 228, 184, 187, 233, 162, 152, 228, 184, 141, 230, 152, 175, 230, 156, 136, 230, 136, 150, 230, 152, 142, 230, 156, 136, 227, 128, 130, 229, 133, 179, 228, 186, 142, 228, 184, 142, 227, 128, 140, 230, 156, 136, 231, 144, 131, 227, 128, 141, 230, 168, 153, 233, 161, 140, 231, 155, 184, 232, 191, 145, 230, 136, 150, 231, 155, 184, 229, 144, 140, 231, 154, 132, 230, 157, 161, 231, 155, 174]","278","278","1.0","月球条目讨论汉漢不转换阅读编辑查看历史外观 隐藏文本小标准大宽度标准宽颜色 （测试版）自动浅色深色维基百科，自由的百科全书提示：此条目的主题不是月或明月。关于与「月球」標題相近或相同的条目","1"
"w1-TokenizerUTF8-wikipedia-pl-1000","Stół z powyłamywanymi nogami","[83, 410, 257, 264, 259, 365, 314, 606, 325, 998, 32, 346, 447, 307]","31","14","2.214","Stół z powyłamywanymi nogami","1"
"w1-TokenizerUTF8-wikipedia-pl-1000","The quick brown fox jumps over the lazy dog","[84, 825, 32, 113, 117, 105, 535, 308, 114, 260, 110, 398, 111, 120, 32, 106, 538, 112, 115, 274, 118, 305, 291, 825, 32, 334, 401, 312, 103]","43","29","1.483","The quick brown fox jumps over the lazy dog","1"
"w1-TokenizerUTF8-wikipedia-pl-1000","Lorem ipsum dolor sit amet, consectetur adipiscing elit. Etiam bibendum, lacus nec consequat iaculis, augue urna posuere leo, id pretium orci ante ac nulla.","[76, 111, 692, 289, 112, 115, 538, 312, 108, 309, 272, 105, 116, 337, 109, 604, 44, 524, 320, 115, 769, 399, 373, 114, 337, 845, 994, 303, 110, 103, 519, 284, 116, 46, 491, 116, 369, 109, 733, 98, 339, 423, 560, 32, 334, 579, 115, 32, 283, 99, 524, 320, 823, 113, 117, 300, 289, 97, 579, 284, 115, 44, 337, 117, 551, 101, 326, 114, 262, 285, 603, 101, 297, 652, 111, 44, 289, 100, 892, 116, 105, 538, 767, 303, 32, 306, 399, 337, 99, 557, 772, 334, 46]","156","93","1.677","Lorem ipsum dolor sit amet, consectetur adipiscing elit. Etiam bibendum, lacus nec consequat iaculis, augue urna posuere leo, id pretium orci ante ac nulla.","1"
"w1-TokenizerUTF8-wikipedia-pl-5000","ą, ć, ę, ł, ń, ó, ś, ź, ż, Ą, Ć, Ę, Ł, Ń, Ó, Ś, Ź, Ż","[2412, 32, 2980, 32, 3196, 32, 4118, 32, 3133, 32, 271, 44, 450, 44, 2255, 44, 943, 44, 32, 196, 132, 44, 32, 196, 134, 44, 32, 196, 152, 44, 985, 44, 467, 131, 44, 2467, 147, 44, 720, 44, 467, 185, 44, 752]","70","44","1.591","ą, ć, ę, ł, ń, ó, ś, ź, ż, Ą, Ć, Ę, Ł, Ń, Ó, Ś, Ź, Ż","1"
"w1-TokenizerUTF8-wikipedia-pl-5000","月球条目讨论汉漢不转换阅读编辑查看历史外观 隐藏文本小标准大宽度标准宽颜色 （测试版）自动浅色深色维基百科，自由的百科全书提示：此条目的主题不是月或明月。关于与「月球」標題相近或相同的条目","[230, 156, 136, 231, 144, 131, 230, 157, 161, 231, 155, 174, 232, 174, 168, 232, 174, 186, 230, 177, 137, 230, 188, 162, 228, 184, 141, 232, 189, 172, 230, 141, 162, 233, 152, 133, 232, 175, 187, 231, 188, 150, 232, 190, 145, 230, 159, 165, 231, 156, 139, 229, 142, 134, 229, 143, 178, 229, 164, 150, 232, 167, 130, 32, 233, 154, 144, 232, 151, 143, 230, 150, 135, 230, 156, 172, 229, 176, 143, 230, 160, 135, 229, 135, 134, 229, 164, 167, 229, 174, 189, 229, 186, 166, 230, 160, 135, 229, 135, 134, 229, 174, 189, 233, 162, 156, 232, 137, 178, 32, 239, 188, 136, 230, 181, 139, 232, 175, 149, 231, 137, 136, 239, 188, 137, 232, 135, 170, 229, 138, 168, 230, 181, 133, 232, 137, 178, 230, 183, 177, 232, 137, 178, 231, 187, 180, 229, 159, 186, 231, 153, 190, 231, 167, 145, 239, 188, 140, 232, 135, 170, 231, 148, 177, 231, 154, 132, 231, 153, 190, 231, 167, 145, 229, 133, 168, 228, 185, 166, 230, 143, 144, 231, 164, 186, 239, 188, 154, 230, 173, 164, 230, 157, 161, 231, 155, 174, 231, 154, 132, 228, 184, 187, 233, 162, 152, 228, 184, 141, 230, 152, 175, 230, 156, 136, 230, 136, 150, 230, 152, 142, 230, 156, 136, 227, 128, 130, 229, 133, 179, 228, 186, 142, 228, 184, 142, 227, 128, 140, 230, 156, 136, 231, 144, 131, 227, 128, 141, 230, 168, 153, 233, 161, 140, 231, 155, 184, 232, 191, 145, 230, 136, 150, 231, 155, 184, 229, 144, 140, 231, 154, 132, 230, 157, 161, 231, 155, 174]","278","278","1.0","月球条目讨论汉漢不转换阅读编辑查看历史外观 隐藏文本小标准大宽度标准宽颜色 （测试版）自动浅色深色维基百科，自由的百科全书提示：此条目的主题不是月或明月。关于与「月球」標題相近或相同的条目","1"
"w1-TokenizerUTF8-wikipedia-pl-5000","Stół z powyłamywanymi nogami","[83, 410, 257, 264, 259, 365, 314, 606, 325, 998, 1062, 447, 307]","31","13","2.385","Stół z powyłamywanymi nogami","1"
"w1-TokenizerUTF8-wikipedia-pl-5000","The quick brown fox jumps over the lazy dog","[84, 825, 32, 1885, 105, 535, 308, 1230, 110, 398, 111, 120, 3395, 538, 112, 115, 274, 1682, 2680, 1468, 401, 312, 103]","43","23","1.87","The quick brown fox jumps over the lazy dog","1"
"w1-TokenizerUTF8-wikipedia-pl-5000","Lorem ipsum dolor sit amet, consectetur adipiscing elit. Etiam bibendum, lacus nec consequat iaculis, augue urna posuere leo, id pretium orci ante ac nulla.","[76, 111, 692, 289, 112, 115, 538, 312, 3737, 1127, 116, 2810, 604, 44, 524, 2668, 769, 399, 3618, 337, 845, 994, 303, 1480, 3284, 1270, 491, 116, 369, 109, 733, 98, 339, 423, 560, 1468, 579, 115, 2365, 99, 524, 320, 823, 1885, 300, 289, 97, 579, 284, 1350, 1362, 4840, 326, 114, 262, 285, 603, 101, 297, 652, 111, 44, 289, 100, 892, 1042, 538, 767, 303, 2103, 399, 337, 99, 557, 772, 2436]","156","76","2.053","Lorem ipsum dolor sit amet, consectetur adipiscing elit. Etiam bibendum, lacus nec consequat iaculis, augue urna posuere leo, id pretium orci ante ac nulla.","1"
"w1-TokenizerUTF8-wikipedia-pl-10000","ą, ć, ę, ł, ń, ó, ś, ź, ż, Ą, Ć, Ę, Ł, Ń, Ó, Ś, Ź, Ż","[2412, 32, 2980, 32, 3196, 32, 4118, 32, 3133, 7613, 44, 450, 44, 2255, 44, 943, 44, 6155, 132, 44, 6155, 134, 44, 6155, 152, 44, 985, 44, 467, 131, 44, 2467, 147, 44, 720, 44, 467, 185, 44, 752]","70","40","1.75","ą, ć, ę, ł, ń, ó, ś, ź, ż, Ą, Ć, Ę, Ł, Ń, Ó, Ś, Ź, Ż","1"
"w1-TokenizerUTF8-wikipedia-pl-10000","月球条目讨论汉漢不转换阅读编辑查看历史外观 隐藏文本小标准大宽度标准宽颜色 （测试版）自动浅色深色维基百科，自由的百科全书提示：此条目的主题不是月或明月。关于与「月球」標題相近或相同的条目","[230, 156, 136, 231, 144, 131, 230, 157, 161, 231, 155, 174, 232, 174, 168, 232, 174, 186, 230, 177, 137, 230, 188, 162, 228, 184, 141, 232, 189, 172, 230, 141, 162, 233, 152, 133, 232, 175, 187, 231, 188, 150, 232, 190, 145, 230, 159, 165, 231, 156, 139, 229, 142, 134, 229, 143, 178, 229, 164, 150, 232, 167, 130, 32, 233, 154, 144, 232, 151, 143, 230, 150, 135, 230, 156, 172, 229, 176, 143, 230, 160, 135, 229, 135, 134, 229, 164, 167, 229, 174, 189, 229, 186, 166, 230, 160, 135, 229, 135, 134, 229, 174, 189, 233, 162, 156, 232, 137, 178, 32, 239, 188, 136, 230, 181, 139, 232, 175, 149, 231, 137, 136, 239, 188, 137, 232, 135, 170, 229, 138, 168, 230, 181, 133, 232, 137, 178, 230, 183, 177, 232, 137, 178, 231, 187, 180, 229, 159, 186, 231, 153, 190, 231, 167, 145, 239, 188, 140, 232, 135, 170, 231, 148, 177, 231, 154, 132, 231, 153, 190, 231, 167, 145, 229, 133, 168, 228, 185, 166, 230, 143, 144, 231, 164, 186, 239, 188, 154, 230, 173, 164, 230, 157, 161, 231, 155, 174, 231, 154, 132, 228, 184, 187, 233, 162, 152, 228, 184, 141, 230, 152, 175, 230, 156, 136, 230, 136, 150, 230, 152, 142, 230, 156, 136, 227, 128, 130, 229, 133, 179, 228, 186, 142, 228, 184, 142, 227, 128, 140, 230, 156, 136, 231, 144, 131, 227, 128, 141, 230, 168, 153, 233, 161, 140, 231, 155, 184, 232, 191, 145, 230, 136, 150, 231, 155, 184, 229, 144, 140, 231, 154, 132, 230, 157, 161, 231, 155, 174]","278","278","1.0","月球条目讨论汉漢不转换阅读编辑查看历史外观 隐藏文本小标准大宽度标准宽颜色 （测试版）自动浅色深色维基百科，自由的百科全书提示：此条目的主题不是月或明月。关于与「月球」標題相近或相同的条目","1"
"w1-TokenizerUTF8-wikipedia-pl-10000","Stół z powyłamywanymi nogami","[83, 410, 257, 264, 5805, 314, 606, 325, 998, 1062, 7972]","31","11","2.818","Stół z powyłamywanymi nogami","1"
"w1-TokenizerUTF8-wikipedia-pl-10000","The quick brown fox jumps over the lazy dog","[84, 825, 32, 1885, 105, 535, 308, 1230, 110, 398, 111, 120, 3395, 538, 7457, 274, 1682, 2680, 1468, 401, 312, 103]","43","22","1.955","The quick brown fox jumps over the lazy dog","1"
"w1-TokenizerUTF8-wikipedia-pl-10000","Lorem ipsum dolor sit amet, consectetur adipiscing elit. Etiam bibendum, lacus nec consequat iaculis, augue urna posuere leo, id pretium orci ante ac nulla.","[76, 5046, 289, 7457, 538, 312, 3737, 1127, 116, 2810, 604, 44, 524, 2668, 769, 399, 3618, 9659, 994, 303, 1480, 3284, 1270, 8733, 369, 109, 733, 9872, 423, 560, 1468, 9969, 2365, 99, 524, 320, 823, 1885, 300, 289, 97, 579, 284, 1350, 1362, 4840, 8361, 262, 285, 603, 101, 297, 652, 6184, 289, 100, 892, 1042, 538, 767, 303, 2103, 399, 337, 99, 557, 772, 2436]","156","68","2.294","Lorem ipsum dolor sit amet, consectetur adipiscing elit. Etiam bibendum, lacus nec consequat iaculis, augue urna posuere leo, id pretium orci ante ac nulla.","1"
"w1-TokenizerUTF8-nad-niemnem-1000","ą, ć, ę, ł, ń, ó, ś, ź, ż, Ą, Ć, Ę, Ł, Ń, Ó, Ś, Ź, Ż","[441, 32, 626, 32, 824, 32, 521, 32, 363, 44, 32, 275, 44, 378, 44, 32, 469, 44, 389, 44, 32, 196, 132, 44, 32, 196, 134, 44, 32, 196, 152, 44, 767, 129, 44, 767, 131, 44, 32, 195, 147, 44, 767, 154, 44, 767, 185, 44, 767, 187]","70","50","1.4","ą, ć, ę, ł, ń, ó, ś, ź, ż, Ą, Ć, Ę, Ł, Ń, Ó, Ś, Ź, Ż","1"
"w1-TokenizerUTF8-nad-niemnem-1000","月球条目讨论汉漢不转换阅读编辑查看历史外观 隐藏文本小标准大宽度标准宽颜色 （测试版）自动浅色深色维基百科，自由的百科全书提示：此条目的主题不是月或明月。关于与「月球」標題相近或相同的条目","[230, 156, 136, 231, 144, 131, 230, 157, 161, 231, 155, 174, 232, 174, 168, 232, 174, 186, 230, 177, 137, 230, 188, 162, 228, 184, 141, 232, 189, 172, 230, 141, 162, 233, 152, 133, 232, 175, 187, 231, 188, 150, 232, 190, 145, 230, 159, 165, 231, 156, 139, 229, 142, 134, 229, 143, 178, 229, 164, 150, 232, 167, 130, 32, 233, 154, 144, 232, 151, 143, 230, 150, 135, 230, 156, 172, 229, 176, 143, 230, 160, 135, 229, 135, 134, 229, 164, 167, 229, 174, 189, 229, 186, 166, 230, 160, 135, 229, 135, 134, 229, 174, 189, 233, 162, 156, 232, 137, 178, 32, 239, 188, 136, 230, 181, 139, 232, 175, 149, 231, 137, 136, 239, 188, 137, 232, 135, 170, 229, 138, 168, 230, 181, 133, 232, 137, 178, 230, 183, 177, 232, 137, 178, 231, 187, 180, 229, 159, 186, 231, 153, 190, 231, 167, 145, 239, 188, 140, 232, 135, 170, 231, 148, 177, 231, 154, 132, 231, 153, 190, 231, 167, 145, 229, 133, 168, 228, 185, 166, 230, 143, 144, 231, 164, 186, 239, 188, 154, 230, 173, 164, 230, 157, 161, 231, 155, 174, 231, 154, 132, 228, 184, 187, 233, 162, 152, 228, 184, 141, 230, 152, 175, 230, 156, 136, 230, 136, 150, 230, 152, 142, 230, 156, 136, 227, 128, 130, 229, 133, 179, 228, 186, 142, 228, 184, 142, 227, 128, 140, 230, 156, 136, 231, 144, 131, 227, 128, 141, 230, 168, 153, 233, 161, 140, 231, 155, 184, 232, 191, 145, 230, 136, 150, 231, 155, 184, 229, 144, 140, 231, 154, 132, 230, 157, 161, 231, 155, 174]","278","278","1.0","月球条目讨论汉漢不转换阅读编辑查看历史外观 隐藏文本小标准大宽度标准宽颜色 （测试版）自动浅色深色维基百科，自由的百科全书提示：此条目的主题不是月或明月。关于与「月球」標題相近或相同的条目","1"
"w1-TokenizerUTF8-nad-niemnem-1000","Stół z powyłamywanymi nogami","[83, 339, 256, 263, 420, 121, 298, 625, 119, 283, 458, 880, 103, 449]","31","14","2.214","Stół z powyłamywanymi nogami","1"
"w1-TokenizerUTF8-nad-niemnem-1000","The quick brown fox jumps over the lazy dog","[84, 104, 101, 32, 113, 117, 105, 99, 107, 288, 114, 282, 110, 520, 111, 120, 276, 117, 109, 112, 115, 273, 118, 454, 268, 104, 101, 558, 450, 313, 103]","43","31","1.387","The quick brown fox jumps over the lazy dog","1"
"w1-TokenizerUTF8-nad-niemnem-1000","Lorem ipsum dolor sit amet, consectetur adipiscing elit. Etiam bibendum, lacus nec consequat iaculis, augue urna posuere leo, id pretium orci ante ac nulla.","[76, 452, 311, 271, 112, 739, 109, 313, 108, 452, 734, 116, 320, 109, 101, 116, 44, 329, 332, 115, 101, 99, 430, 485, 114, 320, 100, 105, 500, 115, 294, 110, 103, 32, 101, 306, 116, 46, 819, 116, 105, 368, 653, 98, 532, 637, 591, 558, 743, 115, 264, 101, 99, 329, 332, 115, 101, 113, 117, 370, 271, 97, 743, 306, 115, 44, 320, 117, 905, 101, 315, 114, 310, 286, 739, 101, 393, 503, 943, 271, 100, 258, 393, 116, 105, 117, 109, 273, 114, 294, 32, 283, 430, 320, 99, 264, 117, 108, 340, 46]","156","100","1.56","Lorem ipsum dolor sit amet, consectetur adipiscing elit. Etiam bibendum, lacus nec consequat iaculis, augue urna posuere leo, id pretium orci ante ac nulla.","1"
"w1-TokenizerUTF8-nad-niemnem-5000","ą, ć, ę, ł, ń, ó, ś, ź, ż, Ą, Ć, Ę, Ł, Ń, Ó, Ś, Ź, Ż","[441, 32, 626, 32, 824, 32, 521, 32, 1456, 32, 275, 44, 378, 44, 1953, 44, 389, 44, 32, 196, 132, 44, 32, 196, 134, 44, 32, 196, 152, 44, 1805, 44, 767, 131, 44, 32, 195, 147, 44, 1697, 44, 767, 185, 44, 1323]","70","45","1.556","ą, ć, ę, ł, ń, ó, ś, ź, ż, Ą, Ć, Ę, Ł, Ń, Ó, Ś, Ź, Ż","1"
"w1-TokenizerUTF8-nad-niemnem-5000","月球条目讨论汉漢不转换阅读编辑查看历史外观 隐藏文本小标准大宽度标准宽颜色 （测试版）自动浅色深色维基百科，自由的百科全书提示：此条目的主题不是月或明月。关于与「月球」標題相近或相同的条目","[230, 156, 136, 231, 144, 131, 230, 157, 161, 231, 155, 174, 232, 174, 168, 232, 174, 186, 230, 177, 137, 230, 188, 162, 228, 184, 141, 232, 189, 172, 230, 141, 162, 233, 152, 133, 232, 175, 187, 231, 188, 150, 232, 190, 145, 230, 159, 165, 231, 156, 139, 229, 142, 134, 229, 143, 178, 229, 164, 150, 232, 167, 130, 32, 233, 154, 144, 232, 151, 143, 230, 150, 135, 230, 156, 172, 229, 176, 143, 230, 160, 135, 229, 135, 134, 229, 164, 167, 229, 174, 189, 229, 186, 166, 230, 160, 135, 229, 135, 134, 229, 174, 189, 233, 162, 156, 232, 137, 178, 32, 239, 188, 136, 230, 181, 139, 232, 175, 149, 231, 137, 136, 239, 188, 137, 232, 135, 170, 229, 138, 168, 230, 181, 133, 232, 137, 178, 230, 183, 177, 232, 137, 178, 231, 187, 180, 229, 159, 186, 231, 153, 190, 231, 167, 145, 239, 188, 140, 232, 135, 170, 231, 148, 177, 231, 154, 132, 231, 153, 190, 231, 167, 145, 229, 133, 168, 228, 185, 166, 230, 143, 144, 231, 164, 186, 239, 188, 154, 230, 173, 164, 230, 157, 161, 231, 155, 174, 231, 154, 132, 228, 184, 187, 233, 162, 152, 228, 184, 141, 230, 152, 175, 230, 156, 136, 230, 136, 150, 230, 152, 142, 230, 156, 136, 227, 128, 130, 229, 133, 179, 228, 186, 142, 228, 184, 142, 227, 128, 140, 230, 156, 136, 231, 144, 131, 227, 128, 141, 230, 168, 153, 233, 161, 140, 231, 155, 184, 232, 191, 145, 230, 136, 150, 231, 155, 184, 229, 144, 140, 231, 154, 132, 230, 157, 161, 231, 155, 174]","278","278","1.0","月球条目讨论汉漢不转换阅读编辑查看历史外观 隐藏文本小标准大宽度标准宽颜色 （测试版）自动浅色深色维基百科，自由的百科全书提示：此条目的主题不是月或明月。关于与「月球」標題相近或相同的条目","1"
"w1-TokenizerUTF8-nad-niemnem-5000","Stół z powyłamywanymi nogami","[83, 339, 256, 263, 420, 121, 298, 625, 1283, 458, 880, 3577]","31","12","2.583","Stół z powyłamywanymi nogami","1"
"w1-TokenizerUTF8-nad-niemnem-5000","The quick brown fox jumps over the lazy dog","[84, 104, 101, 32, 4405, 105, 99, 107, 288, 1003, 110, 2678, 120, 276, 1144, 112, 115, 273, 118, 454, 268, 104, 101, 558, 450, 313, 103]","43","27","1.593","The quick brown fox jumps over the lazy dog","1"
"w1-TokenizerUTF8-nad-niemnem-5000","Lorem ipsum dolor sit amet, consectetur adipiscing elit. Etiam bibendum, lacus nec consequat iaculis, augue urna posuere leo, id pretium orci ante ac nulla.","[76, 452, 311, 271, 112, 739, 109, 313, 108, 452, 734, 116, 320, 3230, 1163, 329, 332, 1242, 99, 430, 2751, 320, 100, 105, 2358, 294, 110, 103, 1252, 306, 4034, 819, 116, 105, 368, 653, 98, 532, 637, 591, 558, 743, 115, 264, 1603, 329, 332, 1242, 4405, 370, 271, 97, 743, 306, 2939, 320, 117, 905, 101, 315, 114, 310, 3732, 101, 393, 503, 943, 271, 100, 4852, 116, 105, 1144, 3447, 294, 32, 283, 430, 320, 99, 1641, 108, 340, 46]","156","84","1.857","Lorem ipsum dolor sit amet, consectetur adipiscing elit. Etiam bibendum, lacus nec consequat iaculis, augue urna posuere leo, id pretium orci ante ac nulla.","1"
"w1-TokenizerUTF8-nad-niemnem-10000","ą, ć, ę, ł, ń, ó, ś, ź, ż, Ą, Ć, Ę, Ł, Ń, Ó, Ś, Ź, Ż","[441, 32, 626, 32, 824, 32, 521, 32, 1456, 32, 275, 44, 378, 44, 1953, 44, 389, 44, 32, 196, 132, 44, 32, 196, 134, 44, 32, 196, 152, 44, 1805, 44, 767, 131, 44, 32, 195, 147, 44, 1697, 44, 767, 185, 44, 1323]","70","45","1.556","ą, ć, ę, ł, ń, ó, ś, ź, ż, Ą, Ć, Ę, Ł, Ń, Ó, Ś, Ź, Ż","1"
"w1-TokenizerUTF8-nad-niemnem-10000","月球条目讨论汉漢不转换阅读编辑查看历史外观 隐藏文本小标准大宽度标准宽颜色 （测试版）自动浅色深色维基百科，自由的百科全书提示：此条目的主题不是月或明月。关于与「月球」標題相近或相同的条目","[230, 156, 136, 231, 144, 131, 230, 157, 161, 231, 155, 174, 232, 174, 168, 232, 174, 186, 230, 177, 137, 230, 188, 162, 228, 184, 141, 232, 189, 172, 230, 141, 162, 233, 152, 133, 232, 175, 187, 231, 188, 150, 232, 190, 145, 230, 159, 165, 231, 156, 139, 229, 142, 134, 229, 143, 178, 229, 164, 150, 232, 167, 130, 32, 233, 154, 144, 232, 151, 143, 230, 150, 135, 230, 156, 172, 229, 176, 143, 230, 160, 135, 229, 135, 134, 229, 164, 167, 229, 174, 189, 229, 186, 166, 230, 160, 135, 229, 135, 134, 229, 174, 189, 233, 162, 156, 232, 137, 178, 32, 239, 188, 136, 230, 181, 139, 232, 175, 149, 231, 137, 136, 239, 188, 137, 232, 135, 170, 229, 138, 168, 230, 181, 133, 232, 137, 178, 230, 183, 177, 232, 137, 178, 231, 187, 180, 229, 159, 186, 231, 153, 190, 231, 167, 145, 239, 188, 140, 232, 135, 170, 231, 148, 177, 231, 154, 132, 231, 153, 190, 231, 167, 145, 229, 133, 168, 228, 185, 166, 230, 143, 144, 231, 164, 186, 239, 188, 154, 230, 173, 164, 230, 157, 161, 231, 155, 174, 231, 154, 132, 228, 184, 187, 233, 162, 152, 228, 184, 141, 230, 152, 175, 230, 156, 136, 230, 136, 150, 230, 152, 142, 230, 156, 136, 227, 128, 130, 229, 133, 179, 228, 186, 142, 228, 184, 142, 227, 128, 140, 230, 156, 136, 231, 144, 131, 227, 128, 141, 230, 168, 153, 233, 161, 140, 231, 155, 184, 232, 191, 145, 230, 136, 150, 231, 155, 184, 229, 144, 140, 231, 154, 132, 230, 157, 161, 231, 155, 174]","278","278","1.0","月球条目讨论汉漢不转换阅读编辑查看历史外观 隐藏文本小标准大宽度标准宽颜色 （测试版）自动浅色深色维基百科，自由的百科全书提示：此条目的主题不是月或明月。关于与「月球」標題相近或相同的条目","1"
"w1-TokenizerUTF8-nad-niemnem-10000","Stół z powyłamywanymi nogami","[83, 339, 256, 263, 7080, 298, 625, 1283, 458, 8963]","31","10","3.1","Stół z powyłamywanymi nogami","1"
"w1-TokenizerUTF8-nad-niemnem-10000","The quick brown fox jumps over the lazy dog","[84, 104, 101, 5130, 105, 99, 107, 288, 1003, 110, 2678, 120, 276, 1144, 112, 115, 273, 118, 454, 268, 104, 101, 558, 450, 8614]","43","25","1.72","The quick brown fox jumps over the lazy dog","1"
"w1-TokenizerUTF8-nad-niemnem-10000","Lorem ipsum dolor sit amet, consectetur adipiscing elit. Etiam bibendum, lacus nec consequat iaculis, augue urna posuere leo, id pretium orci ante ac nulla.","[76, 452, 311, 271, 112, 739, 109, 313, 108, 452, 734, 116, 320, 3230, 1163, 329, 332, 1242, 99, 430, 2751, 5950, 105, 2358, 294, 110, 103, 1252, 306, 4034, 819, 116, 105, 368, 653, 98, 532, 637, 591, 558, 743, 115, 264, 1603, 329, 332, 1242, 4405, 370, 271, 97, 743, 306, 2939, 7707, 905, 101, 9782, 310, 3732, 101, 393, 503, 943, 8523, 4852, 116, 105, 1144, 3447, 294, 8419, 430, 320, 99, 1641, 108, 9843]","156","78","2.0","Lorem ipsum dolor sit amet, consectetur adipiscing elit. Etiam bibendum, lacus nec consequat iaculis, augue urna posuere leo, id pretium orci ante ac nulla.","1"
